,Data Year,ID,Property Name,Address,ZIP Code,Community Area,Primary Property Type,Gross Floor Area - Buildings (sq ft),Year Built,# of Buildings,ENERGY STAR Score,Electricity Use (kBtu),Natural Gas Use (kBtu),District Steam Use (kBtu),District Chilled Water Use (kBtu),All Other Fuel Use (kBtu),Site EUI (kBtu/sq ft),Source EUI (kBtu/sq ft),Weather Normalized Site EUI (kBtu/sq ft),Weather Normalized Source EUI (kBtu/sq ft),Total GHG Emissions (Metric Tons CO2e),GHG Intensity (kg CO2e/sq ft),Latitude,Longitude,Location
15,2014,250124,Albert Merritt Billings,950 East 59th St.,60637,HYDE PARK,Office,"488,322",1927.0,1,83.0,"19,456,661",,"18,101,040",,,77,170,74,166.3,"5,111",10.47,41.787764,-87.602285,"(41.787764, -87.602285)"
16,2014,250127,Bernard Mitchell Hospital,5815 S. Maryland Av.,60637,HYDE PARK,Hospital (General Medical & Surgical),"430,772",1983.0,1,12.0,"47,458,293",,"60,464,165",,,251,515,251,515,"13,550",31.45,41.789224,-87.604896,"(41.789224, -87.604896)"
17,2014,250128,CCD,5700 S. Maryland Av.,60637,HYDE PARK,Hospital (General Medical & Surgical),"1,205,371",2013.0,1,16.0,"114,832,771",,"163,124,280",,,231,462,227,458,"33,903",28.13,41.7910213,-87.60552924,"(41.7910213, -87.60552924)"
18,2014,250125,Comer Children's Hospital,5721 S. Maryland Ave.,60637,HYDE PARK,Hospital (General Medical & Surgical),"252,204",2006.0,1,3.0,"37,006,313",,"45,288,420",,,326,677,326,677,"10,442",41.4,41.79022382,-87.60461196,"(41.79022382, -87.60461196)"
19,2014,250126,DCAM,5758 S. Maryland Ave.,60637,HYDE PARK,Ambulatory Surgical Center,"538,062",1996.0,1,,"60,586,645",,"50,494,257",,,206,467,206,467,"15,525",28.85,41.79021756,-87.60550798,"(41.79021756, -87.60550798)"
20,2014,110848,Gordon Center for Integrative Science (GCIS),929 East 57th Street,60637,HYDE PARK,Laboratory,"479,503",2005.0,1,,"89,021,468",,"144,812,352",,,488,946,464,918,"27,501",57.35,41.791333,-87.60289499999999,"(41.791333, -87.602895)"
21,2014,102455,Harper Center (Booth School),5807 South Woodlawn Ave.,60637,HYDE PARK,College/University,"419,312",2004.0,1,,"25,532,624","885,000","24,287,151",,,121,263,118,260,"6,790",16.19,41.7891404,-87.59555249,"(41.7891404, -87.59555249)"
22,2014,158868,KCBD,900 E. 57th St.,60637,HYDE PARK,Laboratory,"376,735",2009.0,1,,"65,743,815",,"119,256,719",,,491,929,481,916,"21,127",56.08,41.79207324,-87.60337358,"(41.79207324, -87.60337358)"
23,2014,102460,Museum of Science and Industry,5700 South Lake Shore Drive,60637,HYDE PARK,Museum,"1,211,750",1893.0,1,,"42,942,145","31,928,824",,,,62,139,58,135,"10,297",8.5,41.79055467,-87.58295123,"(41.79055467, -87.58295123)"
24,2014,102452,Regenstein Library,1100 East 57th Street,60637,HYDE PARK,Library,"575,597",1971.0,1,,"23,747,650",,"46,454,722","25,201,448",,166,270,166,270,"9,184",15.96,41.79221307,-87.59994981,"(41.79221307, -87.59994981)"
248,2015,164102,First Presbyterian Church of Chicago,6400 S. Kimbark Avenue,60637,WOODLAWN,Worship Facility,"50,000",1928.0,1,70.0,"192,445","2,924,363",,,,62.3,73.5,67,78.3,194,3.9,41.77840382,-87.59508184,"(41.778403820000001, -87.595081840000006)"
252,2015,172151,6045 Kenwood Building,6045 South Kenwood Avenue,60637,WOODLAWN,Office,"99,164",1914.0,1,,"338,613","112,240","7,752,201","15,494,040",,239,262.2,241.1,265.10000000000002,"1,405",14.2,41.78471041,-87.59260612,"(41.784710410000002, -87.592606119999999)"
264,2015,162209,St. Edmund's Episcopal Church,6105 S. Michigan Ave,60637,WASHINGTON PARK,K-12 School,"60,000",1937.0,1,,"618,164","2,506,397",,,,52.1,76.2,55.3,79.5,257,4.3,41.78350218,-87.62163947,"(41.783502179999999, -87.621639470000005)"
265,2015,160427,Vista Homes Building Corporation,5830-44 S. Stony Island Ave.,60637,HYDE PARK,Multifamily Housing,"261,354",1929.0,1,100.0,"623,946","11,891,700",,,,47.9,55.3,51,58.6,757,2.9,41.78848818,-87.58709503999998,"(41.788488180000002, -87.587095039999994)"
391,2015,251456,Carnegie Ele-CPS,1414 E 61st Pl,60637,WOODLAWN,K-12 School,"63,979",1957.0,1,59.0,"1,578,719","3,115,903",,,,73.400000000000006,128.6,77.099999999999994,132.5,483,7.5,41.78362835,-87.59105171,"(41.783628350000001, -87.591051710000002)"
412,2015,251564,Carter Eleme-CPS,5740 S Michigan Ave,60637,WASHINGTON PARK,K-12 School,"86,910",1913.0,1,29.0,"1,685,641","6,130,359",,,,89.9,135,96.2,141.6,664,7.6,41.78972345,-87.6232775,"(41.789723449999997, -87.6232775)"
428,2015,251490,Dulles-CPS,6311 S Calumet Ave,60637,GREATER GRAND CROSSING,K-12 School,"70,786",1962.0,1,17.0,"1,756,287","7,886,996",,,,136.19999999999999,194.9,145,204.1,772,10.9,41.77996587,-87.61673926999998,"(41.779965869999998, -87.616739269999997)"
434,2015,251514,Fermi Elemen-CPS,1404 E 70th St,60637,SOUTH SHORE,K-12 School,"76,945",1959.0,1,53.0,"1,787,659","4,141,588",,,,77.099999999999994,129.5,81.2,133.80000000000001,579,7.5,41.767843,-87.59078499999998,"(41.767842999999999, -87.590784999999997)"
441,2015,251414,Dumas Elemen-CPS,6650 S Ellis Ave,60637,WOODLAWN,K-12 School,"64,558",1963.0,1,38.0,"1,836,925","3,776,990",,,,87,150.80000000000001,91.6,155.69999999999999,570,8.8,41.77374217,-87.60122846,"(41.773742169999998, -87.601228460000002)"
445,2015,251399,Park Manor E-CPS,7037 S Rhodes Ave,60637,GREATER GRAND CROSSING,K-12 School,"62,706",1913.0,1,13.0,"1,851,835","7,097,314",,,,142.69999999999999,211.6,151.9,221.8,749,11.9,41.76678503,-87.61131313,"(41.766785030000001, -87.611313129999999)"
456,2015,252040,Kersten Physics Teaching Center,5720 South Ellis Avenue,60637,HYDE PARK,College/University,"59,287",1985.0,1,,"1,926,952",,"6,511,992","1,446,120",,166.7,258.60000000000002,167.9,260.3,896,15.1,41.79106711,-87.60164711999998,"(41.79106711, -87.601647119999996)"
468,2015,251640,Till Emmett-CPS,6543 S CHAMPLAIN AVE,60637,WOODLAWN,K-12 School,"134,618",1895.0,1,72.0,"1,998,872","6,660,798",,,,64.3,98.6,69.3,104,755,5.6,41.77518282,-87.60900298,"(41.775182819999998, -87.60900298)"
501,2015,251477,Wadsworth-CPS,6420 S UNIVERSITY AVE,60637,WOODLAWN,K-12 School,"122,095",1920.0,1,52.0,"2,246,370","7,568,546",,,,80.400000000000006,122.9,85.3,128,853,7.0,41.7784319,-87.59820292,"(41.778431900000001, -87.598202920000006)"
507,2015,252042,Edelstone Center,6030 South Ellis Avenue,60637,WOODLAWN,Office,"59,741",1966.0,1,46.0,"2,273,672",,"4,706,473","1,101,252",,135.30000000000001,232.7,137.6,235.7,827,13.8,41.78488949,-87.60149581999998,"(41.784889489999998, -87.601495819999997)"
509,2015,102451,Abbott,947 E. 58th St.,60637,HYDE PARK,Laboratory,"103,005",1926.0,1,,"2,283,413",,"8,238,600",,,102.2,165.8,105.9,170.4,"1,006",9.8,41.7881573,-87.60321093999998,"(41.788157300000002, -87.603210939999997)"
551,2015,251884,Ray Elementa-CPS,5631 S KIMBARK AVE,60637,HYDE PARK,K-12 School,"115,306",1894.0,1,54.0,"2,541,732","5,892,512",,,,73.099999999999994,122.9,78.2,128.80000000000001,824,7.1,41.79231813,-87.59440361,"(41.792318129999998, -87.594403610000001)"
553,2015,252060,Woodlawn Social Services Center,950 East 61st Street,60637,WOODLAWN,Office,"66,084",1970.0,1,70.0,"2,550,181",,"3,231,478",,,87.5,180,89.9,182,727,11.0,41.78439159,-87.60197356,"(41.784391589999998, -87.601973560000005)"
560,2015,252041,Bookstore,970 East 58th Street,60637,HYDE PARK,Retail Store,"50,162",1902.0,1,34.0,"2,630,564",,"2,864,729",,,109.6,233.4,112.5,235.9,719,14.3,41.789588,-87.602326,"(41.789588000000002, -87.602326000000005)"
561,2015,121264,Chicago Theological Seminary,1407 East 60th Street,60637,WOODLAWN,College/University,"80,489",2011.0,1,,"2,652,030","100,690","5,411,913","1,311,840",,117.7,202,116.9,201.1,967,12.0,41.786046,-87.591237,"(41.786045999999999, -87.591237000000007)"
577,2015,252056,Rosenwald Hall and Walker Museum,1115-25 East 58th Street,60637,HYDE PARK,Office,"102,569",1893.0,2,,"2,758,979",,"4,208,528",,,67.900000000000006,133.80000000000001,69.3,135.4,834,8.1,41.78900616,-87.59865492,"(41.78900616, -87.598654920000001)"
579,2015,251953,Bobs Roberts,920 E. 59th St.,60637,HYDE PARK,Laboratory,"76,871",1930.0,1,,"2,769,533",,"4,907,340",,,99.9,189.9,103.1,193.9,882,11.5,41.789582,-87.603272,"(41.789582000000003, -87.603272000000004)"
602,2015,252061,Chapin Hall,1313 East 60th street,60637,WOODLAWN,College/University,"65,745",1938.0,1,,"2,955,483",,"7,097,828",,,152.9,271,158.9,277.2,"1,065",16.2,41.7856968,-87.59390347,"(41.785696799999997, -87.593903470000001)"
605,2015,252048,Levi Hall,5801 S. Ellis Avenue,60637,HYDE PARK,Office,"90,125",1949.0,1,50.0,"2,985,818",,"7,248,499","2,023,680",,136,223.2,138.5,226.5,"1,188",13.2,41.78958202,-87.60092774,"(41.789582019999997, -87.600927740000003)"
616,2015,252053,Kent Chemical Laboratory,1020-24 East 58th Street,60637,HYDE PARK,Laboratory,"59,841",1894.0,1,,"3,034,181",,"9,193,621","5,029,800",,288.39999999999998,428.1,289.39999999999998,430.2,"1,485",24.8,41.789621,-87.597784,"(41.789620999999997, -87.597784000000004)"
656,2015,136487,Friend Center,800 E. 55th St.,60637,HYDE PARK,Medical Office,"73,327",1963.0,1,17.0,"3,345,545","9,656,219",,,,177.3,281.5,179.2,283.5,"1,185",16.2,41.79554344,-87.60569126,"(41.795543440000003, -87.60569126)"
663,2015,252059,Ida Noyes Hall,1212 East 59th Street,60637,HYDE PARK,Other - Entertainment/Public Assembly,"91,970",1916.0,1,,"3,423,690","302,870","4,844,476",,,93.2,183.7,96.7,187.9,"1,026",11.2,41.78819249,-87.59559185,"(41.78819249, -87.595591850000005)"
687,2015,252046,Henry Crown Field House,5550 South University Ave.,60637,HYDE PARK,Fitness Center/Health Club/Gym,"146,501",1932.0,1,,"3,584,545","146,450","5,323,807",,,61.8,121.6,64.599999999999994,125,"1,082",7.4,41.7941,-87.59814299999998,"(41.7941, -87.598142999999993)"
738,2015,251952,Hicks,970 E.59th St.,60637,HYDE PARK,Laboratory,"53,522",1931.0,1,,"4,048,792",,"3,164,100",,,134.80000000000001,308.7,134.80000000000001,308.7,"1,024",19.1,41.787765,-87.601884,"(41.787765, -87.601883999999998)"
742,2015,156942,Burton-Judson Courts,1005 East 60TH Street,60637,WOODLAWN,Residence Hall/Dormitory,"201,402",1931.0,1,71.0,"4,073,450",,"10,767,217",,,73.7,127.8,77,131.80000000000001,"1,533",7.6,41.78528948,-87.60016256,"(41.785289480000003, -87.600162560000001)"
753,2015,252064,Mansueto Library,1100 East 57th Street,60637,HYDE PARK,Library,"64,028",2009.0,1,,"4,143,062",,"17,202,221","13,753,441",,548.20000000000005,741.2,549.6,743.4,"2,699",42.2,41.79221307,-87.59994981,"(41.792213070000003, -87.599949809999998)"
758,2015,252052,Ryerson Laboratory/ Eckhart Hall,1118-32 East 58th Street,60637,HYDE PARK,College/University,"132,555",1930.0,2,,"4,202,257",,"2,371,141",,,49.6,121.1,50.5,121.9,"1,002",7.6,41.789628,-87.597133,"(41.789628, -87.597132999999999)"
764,2015,158874,Earl Shapiro Hall,5800 Stony Island Avenue,60637,HYDE PARK,K-12 School,"130,848",2013.0,1,37.0,"4,281,255","5,953,920",,,,78.2,150.5,79.8,151.5,"1,176",9.0,41.78956469,-87.58708582,"(41.789564689999999, -87.587085819999999)"
779,2015,252047,Saieh Hall for Economics,5757 South University Avenue,60637,HYDE PARK,College/University,"153,115",2013.0,1,,"4,386,256",,"9,211,865","5,040,720",,121.7,195.3,122.5,196.4,"1,759",11.5,41.790347,-87.597997,"(41.790346999999997, -87.597997000000007)"
782,2015,251464,Sexton-CPS,6020 S LANGLEY AVE,60637,WOODLAWN,K-12 School,"105,274",1915.0,1,18.0,"4,404,503","4,436,230",,,,84,175.6,89,183.5,"1,121",10.6,41.78535521,-87.60906724999998,"(41.785355209999999, -87.609067249999995)"
786,2015,252057,"Beecher, Kelley, Green, Foster, Social Science Research Building",1126 East 59th Street,60637,HYDE PARK,Office,"181,231",1929.0,3,,"4,442,615",,"11,397,650",,,87.4,152.6,90.8,156.69999999999999,"1,649",9.1,41.78781347,-87.59827692,"(41.787813470000003, -87.598276920000004)"
811,2015,252045,Harper Library / Classics,"1116 East 59th Street  Chicago, IL 60637",60637,HYDE PARK,Social/Meeting Hall,"168,350",1912.0,2,,"4,723,999",,"4,070,955","1,849,920",,63.2,128.19999999999999,63.9,129.1,"1,317",7.8,41.78800431,-87.59964827999998,"(41.788004309999998, -87.599648279999997)"
846,2015,252038,Crerar Library,5730 South Ellis Avenue,60637,HYDE PARK,Library,"168,656",1984.0,1,,"5,071,621",,"4,258,986","3,636,360",,76.900000000000006,146.4,76.3,146.1,"1,493",8.9,41.79055503,-87.60281313,"(41.79055503, -87.602813130000001)"
861,2015,251954,Gilman Smith,5835 S. Drexel Ave.,60637,HYDE PARK,Laboratory,"143,899",1953.0,1,,"5,271,045",,"15,987,660",,,147.69999999999999,248.7,150.80000000000001,252.4,"2,121",14.7,41.781317,-87.604346,"(41.781317000000001, -87.604346000000007)"
892,2015,252049,"Bond Chapel/ Cobb, Swift, Haskell, Wieboldt, Goodspeed, Gates, and Blake Hall",5811-27 South Ellis Avenue,60637,HYDE PARK,College/University,"305,091",1892.0,8,,"5,694,256","6,020","19,216,128","4,379,400",,96,148.80000000000001,98,151.1,"2,651",8.699999999999998,41.78898211,-87.6009439,"(41.788982109999999, -87.600943900000004)"
896,2015,252095,Press Office Building,1427 E. 60th Street,60637,WOODLAWN,Office,"93,852",2001.0,1,39.0,"5,762,370",,"6,192,694",,,127.4,272.2,130,275.3,"1,569",16.7,41.78575242,-87.59031145999998,"(41.785752420000001, -87.590311459999995)"
914,2015,251951,Goldblatt Hospital,5840 S. Ellis Ave.,60637,HYDE PARK,Laboratory,"79,347",1950.0,1,,"5,889,153",,"19,509,960",,,320.10000000000002,528.9,326.7,536.79999999999995,"2,479",31.2,41.78964,-87.601268,"(41.789639999999999, -87.601268000000005)"
932,2015,252050,Jones Laboratory,5747 S. Ellis Ave.,60637,HYDE PARK,Laboratory,"72,388",1929.0,1,,"6,144,036",,"9,613,551",,,217.7,426.3,219.1,425.7,"1,873",25.9,41.79018053,-87.60080309,"(41.790180530000001, -87.600803089999999)"
985,2015,251956,Carlson,949 E. 58th St.,60637,HYDE PARK,Laboratory,"67,021",1927.0,1,,"6,978,929",,"24,727,739",,,473.1,770.8,491,792.4,"3,044",45.4,41.789531,-87.602855,"(41.789530999999997, -87.602855000000005)"
992,2015,252058,Logan Arts Center,915 E 60th St.,60637,WOODLAWN,Performing Arts,"188,821",2011.0,1,,"7,112,468",,"6,337,465","8,008,200",,113.6,201.1,114.1,201.9,"2,272",12.0,41.785854,-87.603817,"(41.785854, -87.603817000000006)"
1000,2015,251955,CLI,5841 S. Maryland Ave.,60637,HYDE PARK,Laboratory,"169,585",1930.0,1,,"7,210,890",,"26,315,761",,,197.7,320.2,200.1,323.10000000000002,"3,196",18.8,41.788813,-87.604889,"(41.788812999999998, -87.604889)"
1054,2015,236366,1700 East 56th Street,1700 E 56th St,60637,HYDE PARK,Multifamily Housing,"474,807",1969.0,1,59.0,"8,125,074","33,136,674",,,,86.9,127,91.8,132.1,"3,393",7.1,41.79375332,-87.5832183,"(41.79375332, -87.583218299999999)"
1077,2015,251950,McLean,5824 S. Ellis Ave.,60637,HYDE PARK,Laboratory,"110,070",1953.0,1,,"8,465,657",,"20,238,300",,,260.8,462.7,264.7,467.4,"3,045",27.7,41.789752,-87.60127199999998,"(41.789752, -87.601271999999994)"
1145,2015,172154,Apostolic Church of God,6340 S Dorchester,60637,WOODLAWN,Worship Facility,"216,000",1977.0,1,11.0,"9,582,339","6,830,850",,,,76,172.5,78.2,174.8,"2,288",10.6,41.779819,-87.59149499999998,"(41.779819000000003, -87.591494999999995)"
1185,2015,136212,1155 East 60th St.,1155 East 60th St,60637,WOODLAWN,College/University,"185,815",1954.0,1,,"10,226,723",,"8,898,882",,,102.9,230.4,105.6,233.7,"2,646",14.2,41.78539914,-87.59716197,"(41.785399140000003, -87.597161970000002)"
1250,2015,252043,Renee Granville-Grossman Residential Commons,6031 South Ellis Avenue,60637,WOODLAWN,Residence Hall/Dormitory,"338,679",2009.0,1,38.0,"11,295,655","459,500","20,776,211","4,382,880",,109,192.9,111.6,196.1,"3,904",11.5,41.785279,-87.601124,"(41.785279000000003, -87.601123999999999)"
1269,2015,160954,Armour,950 E. 59th St.,60637,HYDE PARK,Laboratory,"64,814",1963.0,1,,"11,705,426",,"17,145,840",,,445.1,885.3,444.2,882.4,"3,490",53.8,41.787764,-87.60228499999998,"(41.787764000000003, -87.602284999999995)"
1275,2015,102456,"High School/ Middle School/ Sunny and Kovler Gym/ Belfield, Judd, Blaine Hall",5840 South Kenwood Avenue,60637,HYDE PARK,K-12 School,"450,548",1961.0,7,16.0,"11,803,688","3,893,350","23,690,022",,,87.4,154.6,89.6,157.19999999999999,"4,151",9.2,41.78855503,-87.59395643,"(41.788555029999998, -87.593956430000006)"
1278,2015,252037,Ratner Athletics Center,5530 South Ellis Avenue,60637,HYDE PARK,Fitness Center/Health Club/Gym,"168,984",2003.0,1,,"11,915,963",,"23,793,673","8,132,400",,259.39999999999998,438.9,258.10000000000002,437.2,"4,403",26.1,41.794456,-87.601381,"(41.794455999999997, -87.601381000000003)"
1288,2015,252036,Max Palevsky/Bartlett Commons,1101 East 56th Street,60637,HYDE PARK,Residence Hall/Dormitory,"299,490",2001.0,2,,"12,093,561",,,,,40.4,126.8,40.4,126.8,"2,430",8.1,41.793198,-87.599627,"(41.793197999999997, -87.599626999999998)"
1341,2015,251949,Wyler,5837 S. Maryland Ave.,60637,HYDE PARK,Laboratory,"208,526",1967.0,1,,"13,460,408",,"25,181,460",,,185.3,348,189.8,353.4,"4,376",21.0,41.788876,-87.60488999999998,"(41.788876000000002, -87.604889999999997)"
1384,2015,134735,Searle Chemistry Laboratory,5715-35 S Ellis Ave,60637,HYDE PARK,Laboratory,"85,570",2009.0,1,,"15,029,335","54,350","25,523,159","20,681,998",,716.2,"1,152.7",714.4,"1,152.8","5,807",67.9,41.79059152,-87.60101889,"(41.79059152, -87.601018890000006)"
1390,2015,252039,Accelerator/High Energy Physics,5604-20 South Ellis Avenue,60637,HYDE PARK,Laboratory,"90,986",1949.0,2,,"15,165,374",,"13,044,211",,,310,695.8,313.3,699.7,"3,913",43.0,41.793042,-87.601363,"(41.793042, -87.601363000000006)"
1391,2015,160246,Parkway Gardens,6415 S. Calumet Ave,60637,GREATER GRAND CROSSING,Multifamily Housing,"941,250",1952.0,36,,"15,185,174","62,999,751",,,,83.1,120.9,86.4,124.5,"6,397",6.8,41.7774997,-87.61708529,"(41.7774997, -87.617085290000006)"
1420,2015,252044,Law/ Mott/ Social Service Admin/ Faculty Housing,1111 East 60th Street,60637,WOODLAWN,College/University,"370,540",1959.0,4,,"16,499,081","30,390","29,762,838","8,852,436",,148.80000000000001,260.39999999999998,150.9,263.3,"5,759",15.5,41.7850873,-87.59905768999998,"(41.785087300000001, -87.599057689999995)"
1463,2015,252054,"Rockefeller,Mitchell,Reynolds,Hutchinson,Zoology,Erman,Mandel,Oriental,Pres.Home",5850 South Woodlawn Avenue,60637,HYDE PARK,College/University,"351,843",1928.0,9,,"18,291,128","2,739,450","29,788,389","1,304,480",,148.1,277,151.30000000000001,280.3,"5,867",16.7,41.78921164,-87.59643529999998,"(41.789211639999998, -87.596435299999996)"
1479,2015,250124,Albert Merritt Billings,950 East 59th St.,60637,HYDE PARK,Office,"488,322",1927.0,1,84.0,"19,625,237",,"15,104,100",,,71.099999999999994,163.4,73.400000000000006,166.1,"4,946",10.1,41.787764,-87.60228499999998,"(41.787764000000003, -87.602284999999995)"
1484,2015,102455,Harper Center (Booth School),5807 South Woodlawn Ave.,60637,HYDE PARK,College/University,"419,312",2004.0,1,,"20,304,754","721,900","20,739,505",,,99.6,213.4,100.3,213.2,"5,495",13.1,41.7891404,-87.59555249,"(41.789140400000001, -87.595552490000003)"
1488,2015,173925,Hinds Laboratory,5734 South Ellis Avenue,60637,HYDE PARK,Laboratory,"131,381",1969.0,1,,"20,401,024",,"20,109,275","6,948,000",,361.2,724.6,360.1,721,"5,800",44.1,41.79028177,-87.60167126,"(41.79028177, -87.601671260000003)"
1512,2015,102452,Regenstein Library,1100 East 57th Street,60637,HYDE PARK,Library,"604,950",1971.0,1,,"22,832,234",,"46,320,043","16,845,962",,142.19999999999999,238.5,141.5,238,"8,551",14.1,41.79221307,-87.59994981,"(41.792213070000003, -87.599949809999998)"
1546,2015,251957,Peck,5821 S. Drexel Ave.,60637,HYDE PARK,Laboratory,"124,893",1961.0,1,,"25,924,847",,"16,942,860",,,343.2,815,343.2,815,"6,334",50.7,41.781317,-87.604346,"(41.781317000000001, -87.604346000000007)"
1577,2015,251947,BSLC,924 E. 57th St.,60637,HYDE PARK,Laboratory,"175,729",1993.0,1,,"30,481,716",,"80,487,538",,,631.5,"1,095.7",622.4,"1,084.8","11,468",65.3,41.79195215,-87.60279581999998,"(41.79195215, -87.602795819999997)"
1612,2015,250125,Comer Children's Hospital,5721 S. Maryland Ave.,60637,HYDE PARK,Hospital (General Medical & Surgical),"394,171",2006.0,1,30.0,"37,454,957",,"51,389,758",,,225.4,455.2,227.4,457.6,"10,937",27.7,41.79022382,-87.60461196,"(41.790223820000001, -87.60461196)"
1629,2015,102460,Museum of Science and Industry,5700 South Lake Shore Drive,60637,HYDE PARK,Museum,"1,211,750",1893.0,1,,"42,097,388","27,057,126",,,,57.1,132.4,58.8,134.19999999999999,"9,876",8.199999999999998,41.79055467,-87.58295123,"(41.790554669999999, -87.582951230000006)"
1633,2015,260150,Cummings Life Science Center,920 E. 58th St.,60637,HYDE PARK,Laboratory,"172,408",1973.0,1,,"43,021,021",,"53,730,001",,,561.20000000000005,"1,158.4000000000001",564.5,"1,157.5999999999999","12,211",70.8,41.78987998,-87.60276374999998,"(41.789879980000002, -87.602763749999994)"
1639,2015,251948,SBRI,5812 S. Ellis Ave.,60637,HYDE PARK,Laboratory,"214,708",1977.0,1,,"44,019,850",,"43,831,737",,,409.2,889.4,406,875.3,"11,755",54.7,41.790012,-87.601281,"(41.790011999999997, -87.601281)"
1654,2015,250127,Bernard Mitchell Hospital,5815 S. Maryland Av.,60637,HYDE PARK,Hospital (General Medical & Surgical),"430,772",1983.0,1,10.0,"50,618,112",,"56,440,384",,,248.5,526.6,251.3,530,"13,917",32.3,41.789224,-87.60489599999998,"(41.789223999999997, -87.604895999999997)"
1670,2015,250126,DCAM,5758 S. Maryland Ave.,60637,HYDE PARK,Ambulatory Surgical Center,"538,062",1996.0,1,,"56,808,367",,"51,389,758",,,201.1,446.4,201.1,446.4,"14,826",27.6,41.79021756,-87.60550798,"(41.790217560000002, -87.605507979999999)"
1691,2015,158868,KCBD,900 E. 57th St.,60637,HYDE PARK,Laboratory,"376,735",2009.0,1,,"66,898,504",,"105,191,403",,,456.8,893.5,464.3,899.5,"20,425",54.2,41.79207324,-87.60337357999998,"(41.792073240000001, -87.603373579999996)"
1729,2015,110848,Gordon Center for Integrative Science (GCIS),929 East 57th Street,60637,HYDE PARK,Laboratory,"479,503",2005.0,1,,"95,910,296",,"67,259,708",,,340.3,796.8,345.1,797.9,"23,736",49.5,41.791333,-87.602895,"(41.791333000000002, -87.602895000000004)"
1745,2015,250128,CCD,5700 S. Maryland Av.,60637,HYDE PARK,Hospital (General Medical & Surgical),"1,205,371",2013.0,1,12.0,"124,735,180",,"155,602,079",,,232.6,480.2,234.7,480.8,"35,393",29.4,41.7910213,-87.60552923999998,"(41.791021299999997, -87.605529239999996)"
1994,2016,102451,Abbott,947 E. 58th St.,60637,HYDE PARK,Laboratory,"103,005",1926.0,1,,"2,162,361.8",,"12,799,679.7",,,145.3,215.4,157,229.5,"1,248.4",12.1,41.788157299999995,-87.60321094,"(41.7881573, -87.60321094)"
1995,2016,102452,Regenstein Library,1100 East 57th Street,60637,HYDE PARK,Library,"604,950",1971.0,1,,"25,630,384.4",,"43,740,733.4","22,217,680.6",,151.4,256.7,153.1,258.8,"8,799.4",14.5,41.79221307,-87.59994981,"(41.79221307, -87.59994981)"
1996,2016,102455,Harper Center (Booth School),5807 South Woodlawn Ave.,60637,HYDE PARK,College/University,"419,312",2004.0,1,,"22,454,136.6","741,380","24,038,049.6",,,112.6,239,113.8,238.3,"5,774.2",13.8,41.7891404,-87.59555249,"(41.7891404, -87.59555249)"
1997,2016,102456,"High School/ Middle School/ Sunny and Kovler Gym/ Belfield, Judd, Blaine Hall",5840 South Kenwood Avenue,60637,HYDE PARK,K-12 School,"450,548",1961.0,7,3.0,"11,670,108","1,637,710","44,488,677.4",,,128.3,203.9,135.8,213,"5,192",11.5,41.78855503,-87.59395643,"(41.78855503, -87.59395643)"
1998,2016,102460,Museum of Science and Industry,5700 South Lake Shore Drive,60637,HYDE PARK,Museum,"1,211,750",1893.0,1,,"42,022,194.3","27,129,609.9",,,,57.1,132.3,59.3,132.9,"9,171.5",7.6,41.79055467,-87.58295123,"(41.79055467, -87.58295123)"
2020,2016,102926,Wooded Isle Apartments,5736 S Stony Island Avenue,60637,HYDE PARK,Multifamily Housing,"59,558",1920.0,1,90.0,"461,571.9","3,752,287.3",,,,70.8,90.5,76.4,95.5,284.4,4.8,41.78046327,-87.60530809999999,"(41.78046327, -87.6053081)"
2065,2016,103655,Stein Place,5825 S. Dorchester,60637,HYDE PARK,Multifamily Housing,"81,561",1966.0,1,36.0,"1,673,028.5",,"5,035,885.6",,,82.3,138.7,89.6,147.5,642.7,7.9,41.78046327,-87.60530809999999,"(41.78046327, -87.6053081)"
2231,2016,110848,Gordon Center for Integrative Science (GCIS),929 East 57th Street,60637,HYDE PARK,Laboratory,"479,503",2005.0,1,,"94,731,177.4",,"123,127,668.1",,,454.3,929.3,469.3,937.6,"25,636.5",53.5,41.791333,-87.60289499999999,"(41.791333, -87.602895)"
2328,2016,114638,56th & Kimbark Condo Association,5543-59 S KIMBARK AVE,60637,HYDE PARK,Multifamily Housing,"61,800",1928.0,1,51.0,"488,161.7","5,218,250.3",,,,92.3,113.5,103.6,125.2,367.4,5.9,41.78046327,-87.60530809999999,"(41.78046327, -87.6053081)"
2342,2016,115605,Correct EUI 2017 - 6250 S Park Shore E,6250 S. Parkshore East,60637,WOODLAWN,Multifamily Housing,"150,000",1980.0,1,100.0,"1,323,582",,,,,8.8,27.7,8.8,27.7,244.7,1.6,41.78046327,-87.60530809999999,"(41.78046327, -87.6053081)"
2392,2016,117599,Keller Center,1307 E. 60th Street,60637,WOODLAWN,Residence Hall/Dormitory,"121,453",1963.0,2,,"3,671,622.5","6,366","5,896,461.6",,,78.8,153.4,81.8,154.6,"1,068.6",8.8,41.78046327,-87.60530809999999,"(41.78046327, -87.6053081)"
2457,2016,121264,Chicago Theological Seminary,1407 East 60th Street,60637,WOODLAWN,College/University,"80,489",2011.0,1,,"2,710,826.2","92,550","4,088,280.2","2,477,880",,116.4,198.9,115.6,198.4,906.6,11.3,41.786046,-87.59123699999999,"(41.786046, -87.591237)"
2491,2016,128724,Broadview Hall,5540 S Hyde Park Blvd,60637,HYDE PARK,Residence Hall/Dormitory,"86,304",1926.0,1,100.0,,"612,428",,,,7.1,7.5,7.8,8.2,32.5,0.4,41.78046327,-87.60530809999999,"(41.78046327, -87.6053081)"
2528,2016,133059,Plaisance Apartments,6104 S. Woodlawn Ave,60637,WOODLAWN,Multifamily Housing,"57,000",1920.0,1,61.0,"1,199,638.7","4,724,217.2",,,,103.9,153.1,113.1,161.7,472,8.3,41.78046327,-87.60530809999999,"(41.78046327, -87.6053081)"
2542,2016,134735,Searle Chemistry Laboratory,5715-35 S Ellis Ave,60637,HYDE PARK,Laboratory,"85,570",2009.0,1,,"15,515,039.6","61,560","25,585,080.3","25,999,200",,784.9,"1,233.6",772.5,"1,224.7","5,932",69.3,41.79059152,-87.60101889,"(41.79059152, -87.60101889)"
2569,2016,136212,Harris School,1155 East 60th St,60637,WOODLAWN,College/University,"185,815",1954.0,1,,"8,914,395.9",,"8,653,765.6",,,94.5,206.7,98.5,211.5,"2,217.7",11.9,41.78539914,-87.59716197,"(41.78539914, -87.59716197)"
2570,2016,136487,Friend Center,800 E. 55th St.,60637,HYDE PARK,Medical Office,"73,327",1963.0,1,,,,,,,,,,,,,41.79554344,-87.60569126,"(41.79554344, -87.60569126)"
2658,2016,156942,Burton-Judson Courts,1005 East 60TH Street,60637,WOODLAWN,Residence Hall/Dormitory,"201,402",1931.0,1,73.0,"3,800,592.7",,"10,512,405.8",,,71.1,122,77.6,130.4,"1,398.5",6.9,41.78528948,-87.60016256,"(41.78528948, -87.60016256)"
2754,2016,158868,KCBD,900 E. 57th St.,60637,HYDE PARK,Laboratory,"376,735",2009.0,1,,"71,837,885.8",,"104,749,620.1",,,468.7,933.3,464.5,920,"20,196.5",53.6,41.79207324,-87.60337358,"(41.79207324, -87.60337358)"
2755,2016,158873,Cloisters,5801-11 S. Dorchester Ave.,60637,HYDE PARK,Multifamily Housing,"191,459",1928.0,1,100.0,"1,819,249.1","13,455.9",,,,9.6,29.9,9.6,29.9,336,1.8,41.78926257,-87.59119396,"(41.78926257, -87.59119396)"
2756,2016,158874,Earl Shapiro Hall,5800 Stony Island Avenue,60637,HYDE PARK,K-12 School,"130,848",2013.0,1,39.0,"4,398,822.1","5,318,890.3",,,,74.3,148.2,76.5,148.5,"1,093.3",8.4,41.78956469,-87.58708582,"(41.78956469, -87.58708582)"
2831,2016,159892,Promontory Corporation,5530-5532 S Shore Drive,60637,HYDE PARK,Multifamily Housing,"180,351",1949.0,1,59.0,"3,548,360.6","12,488,061",,,,88.9,134.5,96.9,140.2,"1,317.3",7.3,41.794686999999996,-87.58046479,"(41.794687, -87.58046479)"
2836,2016,159902,Montgomery Place,5550 S Shore Dr,60637,HYDE PARK,Multifamily Housing,"225,000",1991.0,1,,,,,,,,,,,,,41.793721399999995,-87.58110439,"(41.7937214, -87.58110439)"
2870,2016,160246,Parkway Gardens,6415 S. Calumet Ave,60637,GREATER GRAND CROSSING,Multifamily Housing,"938,000",1952.0,36,93.0,"12,015,433.1","56,884,898.2",,,,73.5,103.9,78.4,109,"5,236.1",5.6,41.7774997,-87.61708529,"(41.7774997, -87.61708529)"
2913,2016,160369,Resubmit 2017 - 6040 S Harper,6040 S. Harper Ave,60637,WOODLAWN,Multifamily Housing,"132,000",1975.0,1,100.0,"1,343,945.9",,,,,10.2,32,10.2,32,248.5,1.9,41.78519808,-87.58857898,"(41.78519808, -87.58857898)"
2931,2016,160427,Vista Homes Building Corporation,5830-44 S. Stony Island Ave.,60637,HYDE PARK,Multifamily Housing,"261,354",1929.0,1,96.0,"2,598,521.2","12,369,866.3",,,,57.3,80.9,62.5,86.4,"1,136",4.3,41.78848818,-87.58709504,"(41.78848818, -87.58709504)"
2944,2016,160954,Armour,950 E. 59th St.,60637,HYDE PARK,Laboratory,"64,814",1963.0,1,,"11,786,692.6",,"20,906,940.5",,,504.4,959.1,502.4,952.8,"3,560.7",54.9,41.787764,-87.602285,"(41.787764, -87.602285)"
2957,2016,162209,St. Edmund's Episcopal Church,6105 S. Michigan Ave,60637,WASHINGTON PARK,K-12 School,"60,000",1937.0,1,75.0,"652,839.8","2,524,297.3",,,,53,78.3,58.3,83.6,254.4,4.2,41.78350218,-87.62163947,"(41.78350218, -87.62163947)"
2971,2016,164102,First Presbyterian Church of Chicago,6400 S. Kimbark Avenue,60637,WOODLAWN,Worship Facility,"50,000",1928.0,1,68.0,"201,431.1","3,045,977.4",,,,64.9,76.6,72.8,84.9,199,4.0,41.77840382,-87.59508184,"(41.77840382, -87.59508184)"
2997,2016,165819,5000 S Indiana - 2017 Data Confirmed,5000 S. Indiana,60637,GRAND BOULEVARD,Multifamily Housing,"97,465",1982.0,1,58.0,"3,471,184.6",,,,,35.6,111.8,36.9,115.7,639.8,6.6,41.80363832,-87.62178136,"(41.80363832, -87.62178136)"
3039,2016,172151,6045 Kenwood Building,6045 South Kenwood Avenue,60637,WOODLAWN,Office,"99,164",1914.0,1,,"13,280,230.8","98,010","8,251,769.7","21,933,479.9",,439.3,742.8,446,750.8,"4,156.8",41.9,41.78471041,-87.59260612,"(41.78471041, -87.59260612)"
3040,2016,172154,Apostolic Church of God,6340 S Dorchester,60637,WOODLAWN,Worship Facility,"216,000",1977.0,1,15.0,"9,224,263.5","5,633,417.9",,,,68.8,161.5,71.7,163.8,"1,999.4",9.3,41.779819,-87.591495,"(41.779819, -87.591495)"
3041,2016,172167,Ironwood Court Apartments,6015 S. Indiana,60637,WASHINGTON PARK,Multifamily Housing,"70,292",1915.0,1,3.0,"402,906.4","11,985,815.6",,,,176.2,197,,,710.9,10.1,41.78046327,-87.60530809999999,"(41.78046327, -87.6053081)"
3175,2016,173915,The Flamingo,5500 S. Shore Drive,60637,HYDE PARK,Multifamily Housing,"165,000",1920.0,1,76.0,"1,829,807.8","12,430,221.7",,,,86.4,113.9,92.8,120.6,997.5,6.0,41.78046327,-87.60530809999999,"(41.78046327, -87.6053081)"
3176,2016,173925,Hinds Laboratory,5734 South Ellis Avenue,60637,HYDE PARK,Laboratory,"131,381",1969.0,1,,"19,490,824.8",,"14,306,243.8","8,679,911.7",,323.3,662.9,319.4,656.2,"4,999.9",38.1,41.79028177,-87.60167126,"(41.79028177, -87.60167126)"
3177,2016,173930,Snell-Hitchcock,5709 Ellis Avenue,60637,HYDE PARK,Residence Hall/Dormitory,"51,442",1902.0,1,7.0,"4,950,085.2","7,176","3,032,079.6",,,155.3,373.2,163.2,382.7,"1,114.1",21.7,41.78046327,-87.60530809999999,"(41.78046327, -87.6053081)"
3259,2016,175539,6244-46 S King Drive,6244-56 S. King Drive,60637,WASHINGTON PARK,Multifamily Housing,"55,000",1923.0,1,89.0,"1,163,246.3","3,713,629.4",,,,88.7,137.3,96.5,145.7,411.7,7.5,41.78046327,-87.60530809999999,"(41.78046327, -87.6053081)"
3402,2016,236366,1700 East 56th Street,1700 E 56th St,60637,HYDE PARK,Multifamily Housing,"474,807",1969.0,1,68.0,"8,473,818","30,234,133.4",,,,81.5,122.9,89.6,130.6,"3,167.8",6.7,41.79375332,-87.5832183,"(41.79375332, -87.5832183)"
3622,2016,250079,Ada S. Dennison-McKinley Apartments,661 E. 69TH STREET,60637,WOODLAWN,Multifamily Housing,"83,063",1968.0,1,40.0,"2,009,277.7","7,045,478.1",,,,109,165,109,165,744.6,9.0,41.769414000000005,-87.608999,"(41.769414, -87.608999)"
3636,2016,250095,Kenneth Campbell Apartments,6360 S Minerva Ave,60637,WOODLAWN,Multifamily Housing,"100,911",1967.0,1,67.0,"2,314,629.1","7,163,337.7",,,,93.9,146.6,98.3,151.2,807.1,8.0,41.77908095,-87.59670209,"(41.77908095, -87.59670209)"
3658,2016,250124,Albert Merritt Billings,950 East 59th St.,60637,HYDE PARK,Office,"488,322",1927.0,1,81.0,"19,808,246.6",,"18,363,719.7",,,78.2,172.6,83.1,178.5,"4,870.4",10.0,41.787764,-87.602285,"(41.787764, -87.602285)"
3659,2016,250125,Comer Children's Hospital,5721 S. Maryland Ave.,60637,HYDE PARK,Hospital (General Medical & Surgical),"394,171",2006.0,1,42.0,"35,664,987.7",,"49,300,262.5",,,215.6,434.6,218.2,437.8,"9,847.3",25.0,41.79022382,-87.60461196,"(41.79022382, -87.60461196)"
3660,2016,250126,DCAM,5758 S. Maryland Ave.,60637,HYDE PARK,Ambulatory Surgical Center,"538,062",1996.0,1,,"57,470,670.3",,"66,075,961.6",,,229.6,483.1,234.1,488.6,"14,980.4",27.8,41.79021756,-87.60550798,"(41.79021756, -87.60550798)"
3661,2016,250127,Bernard Mitchell Hospital,5815 S. Maryland Av.,60637,HYDE PARK,Hospital (General Medical & Surgical),"430,772",1983.0,1,100.0,"19,808,246.6",,"18,363,719.7",,,88.6,195.7,92.3,200.1,"4,870.4",11.3,41.789224,-87.604896,"(41.789224, -87.604896)"
3662,2016,250128,CCD,5700 S. Maryland Av.,60637,HYDE PARK,Hospital (General Medical & Surgical),"1,205,371",2013.0,1,9.0,"139,353,552.3",,"165,655,560.6",,,253,528.4,256.1,526.7,"36,685.1",30.4,41.7910213,-87.60552924,"(41.7910213, -87.60552924)"
3836,2016,251399,Park Manor E-CPS,7037 S Rhodes Ave,60637,GREATER GRAND CROSSING,K-12 School,"62,706",1913.0,1,16.0,"1,903,234.8","6,517,196.3",,,,134.3,204.4,149.6,221.5,697,11.1,41.76678503,-87.61131313,"(41.76678503, -87.61131313)"
3843,2016,251414,WadsworthDumas-CPS,6650 S Ellis Ave,60637,WOODLAWN,K-12 School,"64,558",1963.0,1,52.0,"1,685,692.5","3,214,580",,,,75.9,134.3,84.3,143.1,481.5,7.5,41.77374217,-87.60122846,"(41.77374217, -87.60122846)"
3866,2016,251456,Carnegie Ele-CPS,1414 E 61st Pl,60637,WOODLAWN,K-12 School,"63,979",1957.0,1,49.0,"1,644,578.9","3,650,573.4",,,,82.8,140.6,91,149.3,497,7.8,41.78362835,-87.59105171,"(41.78362835, -87.59105171)"
3871,2016,251464,FiskeSexton-CPS,6020 S LANGLEY AVE,60637,WOODLAWN,K-12 School,"105,274",1915.0,1,25.0,"4,222,230.6","3,775,022.3",,,,76,163.6,83,174.5,978.8,9.3,41.78535521,-87.60906725,"(41.78535521, -87.60906725)"
3878,2016,251477,Wadsworth-CPS,6420 S UNIVERSITY AVE,60637,WOODLAWN,K-12 School,"125,424",1920.0,1,64.0,"2,222,126.4","7,180,206.6",,,,75,115.7,84,125.2,791,6.3,41.778431899999994,-87.59820292,"(41.7784319, -87.59820292)"
3888,2016,251490,Dulles-CPS,6311 S Calumet Ave,60637,GREATER GRAND CROSSING,K-12 School,"70,786",1962.0,1,29.0,"1,979,814.7","5,753,653.3",,,,109.3,173.2,121.7,186.3,670.5,9.5,41.77996587,-87.61673927,"(41.77996587, -87.61673927)"
3903,2016,251514,South Shore ES-CPS,1404 E 70th St,60637,SOUTH SHORE,K-12 School,"76,945",1959.0,1,70.0,"1,693,431.9","4,392,596.5",,,,79.1,129,86.8,137.2,545.4,7.1,41.767843,-87.590785,"(41.767843, -87.590785)"
3939,2016,251564,Carter Eleme-CPS,5740 S Michigan Ave,60637,WASHINGTON PARK,K-12 School,"86,910",1913.0,1,21.0,"1,797,361.4","6,807,497.7",,,,99,147.2,111.9,160.7,692.9,8.0,41.78972345,-87.6232775,"(41.78972345, -87.6232775)"
4115,2016,251884,Ray Elementa-CPS,5631 S KIMBARK AVE,60637,HYDE PARK,K-12 School,"115,306",1894.0,1,53.0,"2,536,838.7","6,164,114.8",,,,75.5,125.2,84.6,136,795,6.9,41.79231813,-87.59440361,"(41.79231813, -87.59440361)"
4148,2016,251947,BSLC,924 E. 57th St.,60637,HYDE PARK,Laboratory,"175,729",1993.0,1,,"30,078,895.4",,"68,260,979.5",,,559.6,"1,004.8",542.8,981.7,"10,076.6",57.3,41.79195215,-87.60279582,"(41.79195215, -87.60279582)"
4149,2016,251948,SBRI,5812 S. Ellis Ave.,60637,HYDE PARK,Laboratory,"214,708",1977.0,1,,"48,771,605.7",,"46,685,401.4",,,444.6,974.8,437.1,940.9,"12,089.5",56.3,41.790012,-87.601281,"(41.790012, -87.601281)"
4150,2016,251949,Wyler,5837 S. Maryland Ave.,60637,HYDE PARK,Laboratory,"208,526",1967.0,1,,"13,343,311.8",,"19,533,843.7",,,157.7,313.6,166.1,323.7,"3,756.5",18.0,41.788876,-87.60489,"(41.788876, -87.60489)"
4151,2016,251950,McLean,5824 S. Ellis Ave.,60637,HYDE PARK,Laboratory,"110,070",1953.0,1,,"8,089,340.2",,"24,751,622.9",,,298.4,501.3,310.9,516.3,"3,134.5",28.5,41.789752,-87.601272,"(41.789752, -87.601272)"
4152,2016,251951,Goldblatt Hospital,5840 S. Ellis Ave.,60637,HYDE PARK,Laboratory,"79,347",1950.0,1,,"5,762,011.6",,"20,978,579.9",,,337,546.1,350,561.7,"2,455",30.9,41.789640000000006,-87.601268,"(41.78964, -87.601268)"
4153,2016,251952,Hicks,970 E.59th St.,60637,HYDE PARK,Laboratory,"53,522",1931.0,1,,"3,886,653.6",,"6,459,540.3",,,193.3,373.2,193.3,373.2,"1,145.3",21.4,41.787765,-87.601884,"(41.787765, -87.601884)"
4154,2016,251953,Bobs Roberts,920 E. 59th St.,60637,HYDE PARK,Laboratory,"76,871",1930.0,1,,"2,636,001.7",,"3,187,979.8",,,75.8,157.6,80.6,163.4,697.5,9.1,41.789582,-87.603272,"(41.789582, -87.603272)"
4155,2016,251954,Gilman Smith,5835 S. Drexel Ave.,60637,HYDE PARK,Laboratory,"143,899",1953.0,1,,"4,958,502.6",,"14,817,540.4",,,137.4,232.1,144.3,240.4,"1,897.8",13.2,41.781317,-87.60434599999999,"(41.781317, -87.604346)"
4156,2016,251955,CLI,5841 S. Maryland Ave.,60637,HYDE PARK,Laboratory,"169,585",1930.0,1,,"7,797,924.7",,"23,856,120",,,186.7,313.6,190.4,318.1,"3,021.3",17.8,41.788813,-87.604889,"(41.788813, -87.604889)"
4157,2016,251956,Carlson,949 E. 58th St.,60637,HYDE PARK,Laboratory,"67,021",1927.0,1,,"7,207,867.1",,"21,671,097.3",,,430.9,726.7,453.3,753.7,"2,767.5",41.3,41.789531,-87.602855,"(41.789531, -87.602855)"
4158,2016,251957,Peck,5821 S. Drexel Ave.,60637,HYDE PARK,Laboratory,"124,893",1961.0,1,,"24,629,798.4",,"13,432,499.8",,,304.8,748.6,308.7,753.3,"5,431.7",43.5,41.781317,-87.60434599999999,"(41.781317, -87.604346)"
4181,2016,252036,Max Palevsky/Bartlett Commons,1101 East 56th Street,60637,HYDE PARK,Residence Hall/Dormitory,"299,490",2001.0,2,,"11,866,250.2","2,029,490","20,196,413.9","9,518,399.8",,145.6,244.4,146.7,247,"4,137.6",13.8,41.793198,-87.599627,"(41.793198, -87.599627)"
4182,2016,252037,Ratner Athletics Center,5530 South Ellis Avenue,60637,HYDE PARK,Fitness Center/Health Club/Gym,"168,984",2003.0,1,,"10,994,279.5",,"20,822,452.9","9,626,399.7",,245.2,409.5,241.1,405.8,"3,916.4",23.2,41.794456,-87.601381,"(41.794456, -87.601381)"
4183,2016,252038,Crerar Library,5730 South Ellis Avenue,60637,HYDE PARK,Library,"168,656",1984.0,1,,"4,920,503.2",,"4,869,287.2","4,782,240",,86.4,154.7,86.4,155.3,"1,482.3",8.8,41.79055503,-87.60281313,"(41.79055503, -87.60281313)"
4184,2016,252039,Accelerator/High Energy Physics,5604-20 South Ellis Avenue,60637,HYDE PARK,Laboratory,"90,986",1949.0,2,,"13,963,511.1",,"12,582,778.1",,,291.8,648.3,294.4,648.8,"3,409.2",37.5,41.793042,-87.601363,"(41.793042, -87.601363)"
4185,2016,252040,Kersten Physics Teaching Center,5720 South Ellis Avenue,60637,HYDE PARK,College/University,"59,287",1985.0,1,,"1,673,644.3",,"3,602,274.3","1,446,120.1",,113.4,186.1,115,188.6,623.9,10.5,41.79106711,-87.60164712,"(41.79106711, -87.60164712)"
4186,2016,252041,Bookstore,970 East 58th Street,60637,HYDE PARK,Retail Store,"50,162",1902.0,1,27.0,"2,993,071.9",,"2,997,811.3",,,119.4,259.3,124.1,262,750.7,15.0,41.789588,-87.602326,"(41.789588, -87.602326)"
4187,2016,252042,Edelstone Center,6030 South Ellis Avenue,60637,WOODLAWN,Office,"59,741",1966.0,1,57.0,"2,328,933.3",,"3,368,990.8","1,076,508",,113.4,208.3,115.7,211.5,709.7,11.9,41.78488949,-87.60149582,"(41.78488949, -87.60149582)"
4188,2016,252043,Renee Granville-Grossman Residential Commons,6031 South Ellis Avenue,60637,WOODLAWN,Residence Hall/Dormitory,"338,679",2009.0,1,25.0,"12,771,760.9","557,930","23,512,654.5","10,771,799.9",,140.6,235.5,144.2,240.3,"4,512.6",13.3,41.785278999999996,-87.601124,"(41.785279, -87.601124)"
4189,2016,252044,Law/ Social Service Admin/ Faculty Housing,1111 East 60th Street,60637,WOODLAWN,College/University,"332,861",1959.0,4,,"14,772,980.8","35,260","24,883,472.8","9,399,756.1",,147.5,257.6,151.7,263.3,"4,872.4",14.6,41.785087299999994,-87.59905769,"(41.7850873, -87.59905769)"
4190,2016,252045,Harper Library / Classics,"1116 East 59th Street  Chicago, IL 60637",60637,HYDE PARK,Social/Meeting Hall,"192,035",1912.0,2,,"4,717,956.6",,"5,785,491.6","2,485,319.9",,67.6,126.3,69.7,129,"1,384.7",7.2,41.78800431,-87.59964828,"(41.78800431, -87.59964828)"
4191,2016,252046,Henry Crown Field House,5550 South University Ave.,60637,HYDE PARK,Fitness Center/Health Club/Gym,"146,501",1932.0,1,,"3,110,376.1","130,040","6,422,896",,,66,120.3,70.7,126.1,"1,006.7",6.9,41.7941,-87.59814300000001,"(41.7941, -87.598143)"
4192,2016,252047,Saieh Hall for Economics,5757 South University Avenue,60637,HYDE PARK,College/University,"153,115",2013.0,1,,"4,879,105.4",,"6,828,020.1","5,716,919.9",,113.8,191,114.1,192.1,"1,654",10.8,41.790347,-87.59799699999999,"(41.790347, -87.597997)"
4193,2016,252048,Levi Hall,5801 S. Ellis Avenue,60637,HYDE PARK,Office,"90,125",1949.0,1,55.0,"3,095,278.7",,"6,733,778.4","1,399,200",,124.6,213.3,129.4,219.3,"1,091.4",12.1,41.78958202,-87.60092774,"(41.78958202, -87.60092774)"
4194,2016,252049,"Bond Chapel/ Cobb, Swift, Haskell, Wieboldt, Goodspeed, Gates, and Blake Hall",5811-27 South Ellis Avenue,60637,HYDE PARK,College/University,"300,621",1892.0,8,,"14,433,220.6","5,920","20,928,181.1","3,917,040",,130.7,247.6,134.9,252.8,"4,256.7",14.2,41.78898211,-87.6009439,"(41.78898211, -87.6009439)"
4195,2016,252050,Jones Laboratory,5747 S. Ellis Ave.,60637,HYDE PARK,Laboratory,"72,388",1929.0,1,,"6,209,638.7",,"9,360,817",,,215.1,424.9,219,424.8,"1,766.1",24.4,41.79018053,-87.60080309,"(41.79018053, -87.60080309)"
4197,2016,252052,Ryerson Laboratory/ Eckhart Hall,1118-32 East 58th Street,60637,HYDE PARK,College/University,"135,318",1930.0,2,,"4,138,609.3",,"5,365,442",,,70.2,143.7,74.9,148.6,"1,119.1",8.3,41.789628,-87.597133,"(41.789628, -87.597133)"
4198,2016,252053,Kent Chemical Laboratory,1020-24 East 58th Street,60637,HYDE PARK,Laboratory,"59,841",1894.0,1,,"2,997,264.6",,"8,540,394.9","4,680,600.2",,271,407.2,272.6,410.9,"1,366.2",22.8,41.789621000000004,-87.59778399999999,"(41.789621, -87.597784)"
4199,2016,252054,"Rockefeller,Mitchell,Reynolds,Hutchinson,Zoology,Erman,Mandel,Oriental,Pres.Home",5850 South Woodlawn Avenue,60637,HYDE PARK,College/University,"341,130",1928.0,9,,"17,599,293.9","1,625,340.1","30,259,041.3","1,357,339.6",,149,277.7,154.2,284,"5,410.9",15.9,41.78921164,-87.5964353,"(41.78921164, -87.5964353)"
4200,2016,252056,Rosenwald Hall and Walker Museum,1115-25 East 58th Street,60637,HYDE PARK,Office,"102,569",1893.0,2,,"2,295,281.1",,"3,311,129.1",,,54.7,109.1,57.4,112.4,642.9,6.3,41.78900616,-87.59865492,"(41.78900616, -87.59865492)"
4201,2016,252057,"Beecher, Kelley, Green, Foster, Social Science Research Building",1126 East 59th Street,60637,HYDE PARK,Office,"181,231",1929.0,3,,"4,268,081",,"11,117,357.7",,,84.9,147.7,91.3,155.4,"1,524.9",8.4,41.78781347,-87.59827692,"(41.78781347, -87.59827692)"
4202,2016,252058,Logan Arts Center,915 E 60th St.,60637,WOODLAWN,Performing Arts,"188,821",2011.0,1,,"7,033,735.6",,"17,050,248.3","8,857,440.1",,174.5,272.5,168.2,266.3,"2,895.4",15.3,41.785854,-87.603817,"(41.785854, -87.603817)"
4203,2016,252059,Ida Noyes Hall,1212 East 59th Street,60637,HYDE PARK,Other - Entertainment/Public Assembly,"91,970",1916.0,1,,"3,388,379.1","284,040","4,462,706.1",,,88.5,177.3,92.1,180.2,936,10.2,41.78819249,-87.59559185,"(41.78819249, -87.59559185)"
4204,2016,252060,Woodlawn Social Services Center,950 East 61st Street,60637,WOODLAWN,Office,"66,084",1970.0,1,61.0,"2,805,681.5",,"3,792,633.3",,,99.8,202.4,104.4,206.1,769,11.6,41.78439159,-87.60197356,"(41.78439159, -87.60197356)"
4205,2016,252061,Chapin Hall,1313 East 60th street,60637,WOODLAWN,College/University,"65,745",1938.0,1,,"3,144,644.2",,"7,328,831.9",,,159.3,284.3,173,298.8,"1,066.2",16.2,41.7856968,-87.59390347,"(41.7856968, -87.59390347)"
4206,2016,252064,Mansueto Library,1100 East 57th Street,60637,HYDE PARK,Library,"64,028",2009.0,1,,"3,142,411.1",,"11,748,959.5","8,190,360.4",,360.5,502.8,369.4,513.5,"1,791",28.0,41.79221307,-87.59994981,"(41.79221307, -87.59994981)"
4229,2016,252095,Press Office Building,1427 E. 60th Street,60637,WOODLAWN,Office,"93,852",2001.0,1,40.0,"5,587,426.4",,"6,679,474.4",,,130.7,272.6,134,274.7,"1,473.4",15.7,41.78575242,-87.59031146,"(41.78575242, -87.59031146)"
4410,2016,254181,International House,1414 E. 59th Street,60637,Hyde Park,Residence Hall/Dormitory,"237,121",1932.0,1,66.0,"7,213,902.9","23,707","8,838,095.7","626,040",,70.4,143.1,75,148.6,"1,950.8",8.2,41.8842525,-87.63245,"(41.8842525, -87.63245)"
4438,2016,254382,William Eckhardt Research Center (ERC),5640 S. Ellis Ave. ,60637,Hyde Park,Laboratory,"284,391",2015.0,1,,"35,435,189.5",,"53,983,441.5","54,696,931.4",,506.8,811.9,502.6,809.3,"12,998.4",45.7,41.78040086,-87.60270024,"(41.78040086, -87.60270024)"
4448,2016,254527,Strand Apartments,6321 S Cottage Grove Ave,60637,WOODLAWN,Multifamily Housing,"87,275",2015.0,1,99.0,"1,118,859.6","2,215,647",,,,38.2,66.9,40.3,69.5,323.9,3.7,41.78040086,-87.60270024,"(41.78040086, -87.60270024)"
4456,2016,260029,Blackstone Court LLC,5724-5734 S. Blackstone Ave.,60637,HYDE PARK,Multifamily Housing,"52,272",1926.0,1,20.0,"1,445,510.9","3,182,139",,,,88.5,150.8,95.9,158.5,435.5,8.3,41.78046327,-87.60530809999999,"(41.78046327, -87.6053081)"
4468,2016,260086,Museum Walk Apartments,5541 S. Everett,60637,HYDE PARK,Multifamily Housing,"77,000",1927.0,1,82.0,"1,374,749.4","6,092,484.4",,,,97,139.1,104.4,146.1,577,7.5,41.78046327,-87.60530809999999,"(41.78046327, -87.6053081)"
4479,2016,260150,Cummings Life Science Center,920 E. 58th St.,60637,HYDE PARK,Laboratory,"172,408",1973.0,1,,"44,552,394.7",,"52,727,039.9",,,564.2,"1,179.3",569.2,"1,174.9","11,712.9",67.9,41.78987998,-87.60276375,"(41.78987998, -87.60276375)"
4559,2017,260150,Cummings Life Science Center,920 E. 58th St.,60637,HYDE PARK,Laboratory,"172,408",1973.0,1,,"42,752,053",,"48,762,964",,,530.8,"1,118.9",540.1,"1,134.3","11,142.4",64.6,41.78987998,-87.60276375,"(41.78987998, -87.60276375)"
4623,2017,250125,Comer Children's Hospital,5721 S. Maryland Ave.,60637,HYDE PARK,Hospital (General Medical & Surgical),"394,171",2006.0,1,34.0,"32,729,791",,"61,120,860",,,238.1,447.3,238.1,447.3,"10,109.9",25.6,41.79022382,-87.60461196,"(41.79022382, -87.60461196)"
4646,2017,251399,Park Manor E-CPS,7037 S Rhodes Ave,60637,GREATER GRAND CROSSING,K-12 School,"62,706",1913.0,1,13.0,"1,816,227","7,290,936",,,,145.2,213,160.8,229.9,723.1,11.5,41.76678503,-87.61131313,"(41.76678503, -87.61131313)"
4669,2017,251490,Dulles-CPS,6311 S Calumet Ave,60637,GREATER GRAND CROSSING,K-12 School,"70,786",1962.0,1,24.0,"1,762,016","6,872,728",,,,122,180.1,138.3,197.3,690.8,9.8,41.77996587,-87.61673927,"(41.77996587, -87.61673927)"
4675,2017,251464,FiskeSexton-CPS,6020 S LANGLEY AVE,60637,WOODLAWN,K-12 School,"105,274",1915.0,1,27.0,"4,227,236","3,190,297",,,,70.5,157.9,77.7,170,951,9.0,41.78535521,-87.60906725,"(41.78535521, -87.60906725)"
4700,2017,251564,Carter Eleme-CPS,5740 S Michigan Ave,60637,WASHINGTON PARK,K-12 School,"86,910",1913.0,1,33.0,"1,701,439","5,592,025",,,,83.9,129,93.8,139.4,611.6,7.0,41.78972345,-87.6232775,"(41.78972345, -87.6232775)"
4733,2017,251414,WadsworthDumas-CPS,6650 S Ellis Ave,60637,WOODLAWN,K-12 School,"64,558",1963.0,1,45.0,"1,686,928","3,623,087",,,,82.3,141,91.1,150.3,504.3,7.8,41.77374217,-87.60122846,"(41.77374217, -87.60122846)"
4748,2017,251884,Ray Elementa-CPS,5631 S KIMBARK AVE,60637,HYDE PARK,K-12 School,"115,306",1894.0,1,49.0,"2,487,147","6,676,177",,,,79.5,128.5,88.6,138.9,814.5,7.1,41.79231813,-87.59440361,"(41.79231813, -87.59440361)"
4826,2017,251640,Till Emmett-CPS,6543 S CHAMPLAIN AVE,60637,WOODLAWN,K-12 School,"134,618",1895.0,1,70.0,"1,949,996","7,035,324",,,,66.7,100.4,73.8,107.7,734.2,5.5,41.77518282,-87.60900298,"(41.77518282, -87.60900298)"
4950,2017,251948,SBRI,5812 S. Ellis Ave.,60637,HYDE PARK,Laboratory,"214,708",1977.0,1,,"45,274,715",,"50,494,256",,,446,945,447.1,937.1,"11,723.8",54.6,41.790012,-87.601281,"(41.790012, -87.601281)"
4951,2017,158868,KCBD,900 E. 57th St.,60637,HYDE PARK,Laboratory,"376,735",2009.0,1,,"64,040,067",,"83,974,019",,,392.9,801.9,391.5,797.5,"17,416.4",46.2,41.79207324,-87.60337358,"(41.79207324, -87.60337358)"
4952,2017,251956,Carlson,949 E. 58th St.,60637,HYDE PARK,Laboratory,"67,021",1927.0,1,,"6,513,170",,"21,336,782",,,415.5,688.1,432.4,708.4,"2,621",39.1,41.789531,-87.602855,"(41.789531, -87.602855)"
4953,2017,251947,BSLC,924 E. 57th St.,60637,HYDE PARK,Laboratory,"175,729",1993.0,1,,"28,049,404",,"82,409,882",,,628.6,"1,065.4",621.4,"1,056.8","10,658.1",60.7,41.79195215,-87.60279582,"(41.79195215, -87.60279582)"
4954,2017,160954,Armour,950 E. 59th St.,60637,HYDE PARK,Laboratory,"64,814",1963.0,1,,"11,177,678",,"16,119,000",,,421.2,840.7,420.5,838.8,"3,137",48.4,41.787764,-87.602285,"(41.787764, -87.602285)"
5060,2017,254384,Leslie Shankman School Corporation Building,6245 South Ingleside,60637,Woodlawn,K-12 School,"74,910",2014.0,1,55.0,"2,708,943","3,489,582",,,,82.7,160.2,,,671.6,9.0,41.78040086,-87.60270024,"(41.78040086, -87.60270024)"
5061,2017,254382,William Eckhardt Research Center (ERC),5640 S. Ellis Ave.,60637,Hyde Park,Laboratory,"284,391",2015.0,1,,"37,478,295",,"49,619,131","52,724,620",,491.7,809.1,495.3,814.4,"13,002.8",45.7,41.78040086,-87.60270024,"(41.78040086, -87.60270024)"
5069,2017,254381,Campus North Residential Commons,5500 South University Ave,60637,Hyde Park,Residence Hall/Dormitory,"419,219",2016.0,1,63.0,"12,227,782","17,578,250",,"12,423,383",,100.7,165.2,102.6,167.3,"3,849.2",9.2,41.78040086,-87.60270024,"(41.78040086, -87.60270024)"
5083,2017,102455,Harper Center (Booth School),5807 South Woodlawn Ave.,60637,HYDE PARK,College/University,"419,312",2004.0,1,,"22,712,585","750,540","25,106,238",,,115.8,244,117.1,244.6,"5,906.3",14.1,41.7891404,-87.59555249,"(41.7891404, -87.59555249)"
5084,2017,136212,Harris School,1155 East 60th St,60637,WOODLAWN,College/University,"185,815",1954.0,1,,"13,860,902",,"5,772,990",,,105.7,271.6,109.9,276.7,"2,946.1",15.9,41.78539914,-87.59716197,"(41.78539914, -87.59716197)"
5085,2017,252044,Law/ Social Service Admin/ Faculty Housing,1111 East 60th Street,60637,WOODLAWN,College/University,"332,861",1959.0,4,,"13,528,297","58,000","20,597,693","7,302,564",,124.6,224.2,128.3,228.9,"4,256.9",12.8,41.785087299999994,-87.59905769,"(41.7850873, -87.59905769)"
5086,2017,252047,Saieh Hall for Economics,5757 South University Avenue,60637,HYDE PARK,College/University,"153,115",2013.0,1,,"4,953,668",,"7,111,607","5,481,000",,114.6,193.3,117.5,197,"1,677",11.0,41.790347,-87.59799699999999,"(41.790347, -87.597997)"
5087,2017,252049,"Bond Chapel/ Cobb, Swift, Haskell, Wieboldt, Goodspeed, Gates, and Blake Hall",5811-27 South Ellis Avenue,60637,HYDE PARK,College/University,"300,621",1892.0,8,,"4,700,412","4,230","18,465,210","1,898,640",,83.4,129.3,87.9,134.8,"2,195.4",7.3,41.78898211,-87.6009439,"(41.78898211, -87.6009439)"
5113,2017,102456,"High School/ Middle School/ Sunny and Kovler Gym/ Belfield, Judd, Blaine Hall",5840 South Kenwood Avenue,60637,HYDE PARK,K-12 School,"543,787",1961.0,7,18.0,"13,239,601",,"20,114,590","11,517,392",,82.5,142.1,84.3,144.5,"4,390.5",8.1,41.78855503,-87.59395643,"(41.78855503, -87.59395643)"
5114,2017,158874,Earl Shapiro Hall,5800 Stony Island Avenue,60637,HYDE PARK,K-12 School,"130,848",2013.0,1,31.0,"4,573,998","6,093,000",,,,81.5,158.7,84.2,160.2,"1,169.3",8.9,41.78956469,-87.58708582,"(41.78956469, -87.58708582)"
5123,2017,172145,Mount Carmel High School,6410-28 south dante avenue,60637,WOODLAWN,K-12 School,"150,110",1924.0,4,95.0,"3,098,296","4,404,896",,,,50,95.6,50,95.6,806.8,5.4,41.7777989,-87.59017946,"(41.7777989, -87.59017946)"
5124,2017,110848,Gordon Center for Integrative Science (GCIS),929 East 57th Street,60637,HYDE PARK,Laboratory,"479,503",2005.0,1,,"91,658,535",,"136,761,956",,,476.4,943.3,496.4,962.9,"26,028",54.3,41.791333,-87.60289499999999,"(41.791333, -87.602895)"
5125,2017,134735,Searle Chemistry Laboratory,5715-35 S Ellis Ave,60637,HYDE PARK,Laboratory,"85,570",2009.0,1,,"15,181,998","69,000","23,606,571","20,889,602",,698.2,"1,134",688.4,"1,124.1","5,479.1",64.0,41.79059152,-87.60101889,"(41.79059152, -87.60101889)"
5126,2017,173925,Hinds Laboratory,5734 South Ellis Avenue,60637,HYDE PARK,Laboratory,"131,381",1969.0,1,,"18,810,400",,"5,246,245","8,715,472",,249.4,563.9,248,562.5,"4,285.6",32.6,41.79028177,-87.60167126,"(41.79028177, -87.60167126)"
5127,2017,252039,Accelerator/High Energy Physics,5604-20 South Ellis Avenue,60637,HYDE PARK,Laboratory,"90,986",1949.0,2,,"13,424,695",,"11,624,784",,,275.3,617,279.8,622.4,"3,254",35.8,41.793042,-87.601363,"(41.793042, -87.601363)"
5128,2017,252050,Jones Laboratory,5747 S. Ellis Ave.,60637,HYDE PARK,Laboratory,"72,388",1929.0,1,,"5,618,390",,"9,892,099",,,226.9,420.8,,,"1,743.9",24.1,41.79018053,-87.60080309,"(41.79018053, -87.60080309)"
5131,2017,102452,Regenstein Library,1100 East 57th Street,60637,HYDE PARK,Library,"604,950",1971.0,1,,"20,952,167",,"43,182,204","17,259,720",,134.5,223.2,135.6,224.4,"7,650.8",12.6,41.79221307,-87.59994981,"(41.79221307, -87.59994981)"
5133,2017,252064,Mansueto Library,1100 East 57th Street,60637,HYDE PARK,Library,"64,028",2009.0,1,,"3,058,227",,"14,117,856","7,923,600",,392,539,401.1,550,"1,920.4",30.0,41.79221307,-87.59994981,"(41.79221307, -87.59994981)"
5164,2017,165819,Submit 2018* - 5000 S Indiana,5000 S. Indiana,60637,GRAND BOULEVARD,Multifamily Housing,"97,465",1982.0,1,70.0,"3,116,721",,,,,32,100.4,33,103.6,576.3,5.9,41.80363832,-87.62178136,"(41.80363832, -87.62178136)"
5170,2017,115605,Submit 2018* - 6250 S Park Shore E,6250 S. Parkshore East,60637,WOODLAWN,Multifamily Housing,"150,000",1980.0,1,100.0,"1,254,252",,,,,8.4,26.3,8.5,26.8,231.9,1.5,41.78046327,-87.60530809999999,"(41.78046327, -87.6053081)"
5173,2017,160369,Submit 2018* - 6040 S Harper,6040 S. Harper Ave,60637,WOODLAWN,Multifamily Housing,"132,000",1975.0,1,100.0,"2,465,460",,,,,18.7,58.6,18.4,57.7,455.9,3.5,41.78519808,-87.58857898,"(41.78519808, -87.58857898)"
5180,2017,103655,Stein Place,5825 S. Dorchester,60637,HYDE PARK,Multifamily Housing,"81,561",1966.0,1,47.0,"1,661,136",,"4,066,764",,,70.2,123.9,75.2,130,577.2,7.1,41.78046327,-87.60530809999999,"(41.78046327, -87.6053081)"
5181,2017,158873,Cloisters,5801-11 S. Dorchester Ave.,60637,HYDE PARK,Multifamily Housing,"191,459",1928.0,1,62.0,"1,766,057","15,262,976",,,,88.9,112.7,94.8,118.8,"1,137.2",5.9,41.78926257,-87.59119396,"(41.78926257, -87.59119396)"
5185,2017,103573,Woodlawn Partners,6445 6458 S Kenwood Ave,60637,WOODLAWN,Multifamily Housing,"71,595",1923.0,1,100.0,"1,376,996","276,507",,,,23.1,64.4,23.1,64.4,269.3,3.8,41.78046327,-87.60530809999999,"(41.78046327, -87.6053081)"
5191,2017,102926,Wooded Isle Apartments,5736 S Stony Island Ave,60637,HYDE PARK,Multifamily Housing,"59,558",1924.0,1,100.0,"431,178","320,112",,,,12.6,28.4,12.7,28.5,96.7,1.6,41.78046327,-87.60530809999999,"(41.78046327, -87.6053081)"
5265,2017,172167,Ironwood Court Apartments,6015 S. Indiana,60637,WASHINGTON PARK,Multifamily Housing,"70,292",1915.0,1,3.0,"473,319","11,094,522",,,,164.6,186.9,,,676.8,9.6,41.78046327,-87.60530809999999,"(41.78046327, -87.6053081)"
5346,2017,159892,Promontory Corporation,5530-5532 S Shore Drive,60637,HYDE PARK,Multifamily Housing,"180,351",1949.0,1,55.0,"3,390,150","12,633,138",,,,88.8,132.6,96.3,141.2,"1,297.8",7.2,41.794686999999996,-87.58046479,"(41.794687, -87.58046479)"
5353,2017,159893,PNC ARHPF Island Terrrace Apt.,6430 S. Stony island,60637,WOODLAWN,Multifamily Housing,"200,000",1969.0,1,45.0,"2,261,801","22,726,728",,,,124.9,151,135.3,161.9,"1,583.4",7.9,41.77784551,-87.58640642,"(41.77784551, -87.58640642)"
5365,2017,252056,Rosenwald Hall and Walker Museum,1115-25 East 58th Street,60637,HYDE PARK,Office,"102,569",1893.0,2,,"2,267,826",,"3,042,312",,,68.3,121.6,,,710.6,6.9,41.78900616,-87.59865492,"(41.78900616, -87.59865492)"
5374,2017,252095,Press Office Building,1427 E. 60th Street,60637,WOODLAWN,Office,"93,852",2001.0,1,60.0,"5,098,889",,"5,944,914",,,117.7,246.8,120.9,250.4,"1,337.5",14.3,41.78575242,-87.59031146,"(41.78575242, -87.59031146)"
5375,2017,252042,Edelstone Center,6030 South Ellis Avenue,60637,WOODLAWN,Office,"59,741",1966.0,1,62.0,"2,241,601",,"3,204,696","631,896",,101.7,192.9,105.2,197.2,660.5,11.1,41.78488949,-87.60149582,"(41.78488949, -87.60149582)"
5376,2017,252060,Woodlawn Social Services Center,950 East 61st Street,60637,WOODLAWN,Office,"66,084",1970.0,1,63.0,"2,825,821",,"3,319,809",,,93,194.7,98,199.9,742.9,11.2,41.78439159,-87.60197356,"(41.78439159, -87.60197356)"
5377,2017,252048,Levi Hall,5801 S. Ellis Avenue,60637,HYDE PARK,Office,"90,125",1949.0,1,65.0,"3,431,858",,"4,309,277","1,031,856",,97.3,188.5,100.8,192.7,975,10.8,41.78958202,-87.60092774,"(41.78958202, -87.60092774)"
5378,2017,172151,6045 Kenwood Building,6045 South Kenwood Avenue,60637,WOODLAWN,Office,"99,164",2009.0,1,,"16,569,109",,"7,710,064","23,613,720",,483,856.3,489.7,864.8,"4,819.9",48.6,41.78471041,-87.59260612,"(41.78471041, -87.59260612)"
5379,2017,252057,"Beecher, Kelley, Green, Foster, Social Science Research Building",1126 East 59th Street,60637,HYDE PARK,Office,"181,231",1929.0,3,,"3,853,912",,"11,206,884",,,83.1,141.2,88,146.9,"1,456.7",8.0,41.78781347,-87.59827692,"(41.78781347, -87.59827692)"
5430,2017,252058,Logan Arts Center,915 E 60th St.,60637,WOODLAWN,Performing Arts,"188,821",2011.0,1,,"6,592,206",,"24,826,042","7,000,920",,203.5,304.9,208.7,311,"3,236.2",17.1,41.785854,-87.603817,"(41.785854, -87.603817)"
5445,2017,252043,Renee Granville-Grossman Residential Commons,6031 South Ellis Avenue,60637,WOODLAWN,Residence Hall/Dormitory,"338,679",2009.0,1,33.0,"11,100,280","590,000","19,237,727","9,728,040",,120,201.8,124.7,207.7,"3,873.7",11.4,41.785278999999996,-87.601124,"(41.785279, -87.601124)"
5446,2017,173930,Snell-Hitchcock,5709 Ellis Avenue,60637,HYDE PARK,Residence Hall/Dormitory,"51,442",1902.0,1,54.0,"1,765,237","88,230","3,059,028",,,95.5,181.1,101.5,188.3,534.2,10.4,41.78046327,-87.60530809999999,"(41.78046327, -87.6053081)"
5447,2017,156942,Burton-Judson Courts,1005 East 60TH Street,60637,WOODLAWN,Residence Hall/Dormitory,"201,402",1931.0,1,71.0,"3,762,805",,"11,050,470",,,73.6,124.7,79.1,131.9,"1,429.5",7.1,41.78528948,-87.60016256,"(41.78528948, -87.60016256)"
5448,2017,254181,International House,1414 E. 59th Street,60637,Hyde Park,Residence Hall/Dormitory,"237,121",1932.0,1,83.0,"3,218,712",,"10,945,052","455,760",,61.7,100.1,66.7,106.1,"1,345.9",5.7,41.8842525,-87.63245,"(41.8842525, -87.63245)"
5449,2017,252036,Max Palevsky/Bartlett Commons,1101 East 56th Street,60637,HYDE PARK,Residence Hall/Dormitory,"299,490",2001.0,2,,"12,001,471","2,444,000","23,687,766","5,458,548",,145.6,247.8,151,254.5,"4,209.3",14.1,41.793198,-87.599627,"(41.793198, -87.599627)"
5455,2017,252041,Bookstore,970 East 58th Street,60637,HYDE PARK,Retail Store,"50,162",1902.0,1,30.0,"2,657,094",,"3,223,800",,,117.2,243.6,120.5,246.6,705.3,14.1,41.789588,-87.602326,"(41.789588, -87.602326)"
5499,2017,172154,Apostolic Church of God,6340 S Dorchester,60637,WOODLAWN,Worship Facility,"216,000",1977.0,1,98.0,"232,470","6,826,878",,,,32.7,36.6,35.9,40,405.6,1.9,41.779819,-87.591495,"(41.779819, -87.591495)"
5516,2017,254527,Strand Apartments,6321 S Cottage Grove Ave,60637,WOODLAWN,Multifamily Housing,"87,275",2015.0,1,89.0,"1,339,449","2,864,490",,,,48.2,82.7,51,85.7,399.8,4.6,41.78040086,-87.60270024,"(41.78040086, -87.60270024)"
5530,2017,252219,JACKSON TOWERS CONDOMINIUM,5555 S. Everett Ave.,60637,HYDE PARK,Multifamily Housing,"231,229",1924.0,1,89.0,"1,721,538","15,711,085",,,,75.4,94.7,81.1,100.8,"1,152.8",5.0,41.79374177,-87.58243408,"(41.79374177, -87.58243408)"
5541,2017,250126,DCAM,5758 S. Maryland Ave.,60637,HYDE PARK,Ambulatory Surgical Center,"538,062",1996.0,1,,"50,947,848",,"57,407,523",,,201.4,425.7,204.3,429.1,"13,231.8",24.6,41.79021756,-87.60550798,"(41.79021756, -87.60550798)"
5547,2017,121264,Chicago Theological Seminary,1407 East 60th Street,60637,WOODLAWN,College/University,"80,489",2011.0,1,,"2,647,058",,"4,444,653","2,862,000",,123.7,205.3,123.9,205.8,935.4,11.6,41.786046,-87.59123699999999,"(41.786046, -87.591237)"
5548,2017,252040,Kersten Physics Teaching Center,5720 South Ellis Avenue,60637,HYDE PARK,College/University,"59,287",1985.0,1,,"1,577,583",,"12,681,474","1,325,160",,262.9,363.2,261.9,362.3,"1,203.6",20.3,41.79106711,-87.60164712,"(41.79106711, -87.60164712)"
5549,2017,252052,Ryerson Laboratory/ Eckhart Hall,1118-32 East 58th Street,60637,HYDE PARK,College/University,"135,318",1930.0,2,,"3,870,604",,"5,332,618",,,68,137.2,73.1,144.3,"1,069.7",7.9,41.789628,-87.597133,"(41.789628, -87.597133)"
5550,2017,252054,"Rockefeller,Mitchell,Reynolds,Hutchinson,Zoology,Erman,Mandel,Oriental,Pres.Home",5850 South Woodlawn Avenue,60637,HYDE PARK,College/University,"341,130",1928.0,9,,"17,579,033","1,891,000","27,248,273","5,141,105",,152,278.8,156.9,284.7,"5,430.9",15.9,41.78921164,-87.5964353,"(41.78921164, -87.5964353)"
5551,2017,252061,Chapin Hall,1313 East 60th street,60637,WOODLAWN,College/University,"65,745",1938.0,1,,"2,941,710",,"7,246,338",,,155,273.1,165.4,284.9,"1,025.1",15.6,41.7856968,-87.59390347,"(41.7856968, -87.59390347)"
5602,2017,252037,Ratner Athletics Center,5530 South Ellis Avenue,60637,HYDE PARK,Fitness Center/Health Club/Gym,"168,984",2003.0,1,,"10,280,881",,"21,051,414","7,389,600",,229.1,384.6,229.2,385.1,"3,688.1",21.8,41.794456,-87.601381,"(41.794456, -87.601381)"
5603,2017,252046,Henry Crown Field House,5550 South University Ave.,60637,HYDE PARK,Fitness Center/Health Club/Gym,"146,501",1932.0,1,,"3,277,118","127,000","5,248,824",,,59.1,114.3,64.7,121.4,961.2,6.6,41.7941,-87.59814300000001,"(41.7941, -87.598143)"
5618,2017,250128,CCD,5700 S. Maryland Av.,60637,HYDE PARK,Hospital (General Medical & Surgical),"1,205,371",2013.0,1,7.0,"145,170,569",,"174,526,975",,,265.2,552.4,268.6,554.3,"38,429.6",31.9,41.7910213,-87.60552924,"(41.7910213, -87.60552924)"
5619,2017,250127,Bernard Mitchell Hospital,5815 S. Maryland Av.,60637,HYDE PARK,Hospital (General Medical & Surgical),"430,772",1983.0,1,18.0,"47,943,957",,"51,294,238",,,230.4,492.7,230.4,492.7,"12,270.4",28.5,41.789224,-87.604896,"(41.789224, -87.604896)"
5702,2017,251456,Carnegie Ele-CPS,1414 E 61st Pl,60637,WOODLAWN,K-12 School,"63,979",1957.0,1,51.0,"1,517,933","3,822,777",,,,83.5,137.2,91.4,145.6,483.7,7.6,41.78362835,-87.59105171,"(41.78362835, -87.59105171)"
5722,2017,255191,Anatomy/Culver,1027 East 57th Street,60637,Hyde Park,Laboratory,"67,004",1897.0,2,,"4,549,493",,"14,282,628","3,730,152",,336.7,525.3,355.9,549.2,"1,986.1",29.6,41.7839855,-87.6155392,"(41.7839855, -87.6155392)"
5723,2017,252053,Kent Chemical Laboratory,1020-24 East 58th Street,60637,HYDE PARK,Laboratory,"59,841",1894.0,1,,"2,731,741",,"8,635,546","4,279,200",,261.5,388.5,267.9,396.9,"1,304",21.8,41.789621000000004,-87.59778399999999,"(41.789621, -87.597784)"
5724,2017,251949,Wyler,5837 S. Maryland Ave.,60637,HYDE PARK,Laboratory,"208,526",1967.0,1,,"13,664,490",,"26,041,139",,,190.4,356,198.5,365.7,"4,255.6",20.4,41.788876,-87.60489,"(41.788876, -87.60489)"
5725,2017,251957,Peck,5821 S. Drexel Ave.,60637,HYDE PARK,Laboratory,"124,893",1961.0,1,,"24,308,245",,"19,450,260",,,350.4,798.5,356,805.2,"5,785.9",46.3,41.781317,-87.60434599999999,"(41.781317, -87.604346)"
5726,2017,251950,McLean,5824 S. Ellis Ave.,60637,HYDE PARK,Laboratory,"110,070",1953.0,1,,"7,613,960",,"19,701,000",,,248.2,432.5,255.8,441.7,"2,715.9",24.7,41.789752,-87.601272,"(41.789752, -87.601272)"
5727,2017,251952,Hicks,970 E.59th St.,60637,HYDE PARK,Laboratory,"53,522",1931.0,1,,"3,658,248",,"3,880,500",,,140.9,301.8,140.9,301.8,934.1,17.5,41.787765,-87.601884,"(41.787765, -87.601884)"
5728,2017,251951,Goldblatt Hospital,5840 S. Ellis Ave.,60637,HYDE PARK,Laboratory,"79,347",1950.0,1,,"5,423,398",,"19,629,360",,,315.7,512.2,324.4,522.6,"2,306.1",29.1,41.789640000000006,-87.601268,"(41.78964, -87.601268)"
5729,2017,251954,Gilman Smith,5835 S. Drexel Ave.,60637,HYDE PARK,Laboratory,"143,899",1953.0,1,,"4,701,924",,"14,925,000",,,136.4,227.4,140.7,232.6,"1,860.4",12.9,41.781317,-87.60434599999999,"(41.781317, -87.604346)"
5730,2017,251955,CLI,5841 S. Maryland Ave.,60637,HYDE PARK,Laboratory,"169,585",1930.0,1,,"7,719,954",,"29,682,841",,,220.6,353.5,220.6,353.5,"3,398.3",20.0,41.788813,-87.604889,"(41.788813, -87.604889)"
5731,2017,251953,Bobs Roberts,920 E. 59th St.,60637,HYDE PARK,Laboratory,"76,871",1930.0,1,,"2,499,601",,"4,370,040",,,89.4,170.5,94.5,176.6,752.3,9.8,41.789582,-87.603272,"(41.789582, -87.603272)"
5732,2017,102451,Abbott,947 E. 58th St.,60637,HYDE PARK,Laboratory,"103,005",1926.0,1,,"2,271,201",,"12,680,280",,,145.2,217.3,153.5,227.4,"1,261.9",12.3,41.788157299999995,-87.60321094,"(41.7881573, -87.60321094)"
5739,2017,136487,Friend Center,800 E. 55th St.,60637,HYDE PARK,Medical Office,"73,327",1963.0,1,20.0,"3,677,931","8,737,591",,,,169.3,282.6,168.4,279.8,"1,144.1",15.6,41.79554344,-87.60569126,"(41.79554344, -87.60569126)"
5803,2017,100317,C5504WAB (22251),5504 S WABASH AVE,60637,WASHINGTON PARK,Multifamily Housing,"80,000",1904.0,1,84.0,"547,664","5,949,883",,,,81.2,99.6,87.9,106.6,417.3,5.2,41.78046327,-87.60530809999999,"(41.78046327, -87.6053081)"
5806,2017,260091,5550 Dorchester,5550 S Dorchester Ave,60637,HYDE PARK,Multifamily Housing,"81,194",1948.0,1,10.0,"1,581,469","11,627,075",,,,162.7,211.5,170.5,219.7,910,11.2,41.78046327,-87.60530809999999,"(41.78046327, -87.6053081)"
5807,2017,101828,Indiana Terrace Apartments,6000 S. Indiana Ave,60637,WASHINGTON PARK,Multifamily Housing,"66,649",1973.0,1,95.0,"1,143,849","3,021,229",,,,62.5,101.5,65.9,105,372,5.6,41.78046327,-87.60530809999999,"(41.78046327, -87.6053081)"
5867,2017,160246,Parkway Gardens,6415 S. Calumet Ave,60637,GREATER GRAND CROSSING,Multifamily Housing,"938,000",1952.0,36,90.0,"10,975,104","61,920,679",,,,77.7,106.1,83.7,112.8,"5,318.1",5.7,41.7774997,-87.61708529,"(41.7774997, -87.61708529)"
6052,2017,250079,Ada S. Dennison-McKinley Apartments,661 E. 69TH STREET,60637,WOODLAWN,Multifamily Housing,"83,063",1968.0,1,59.0,"1,874,440","5,627,013",,,,90.3,142,96.5,148.5,645.5,7.8,41.769414000000005,-87.608999,"(41.769414, -87.608999)"
6060,2017,250095,Kenneth Campbell Apartments,6360 S Minerva Ave,60637,WOODLAWN,Multifamily Housing,"100,911",1967.0,1,67.0,"2,337,824","6,631,933",,,,88.9,141.8,93,146,784.5,7.8,41.77908095,-87.59670209,"(41.77908095, -87.59670209)"
6093,2017,175539,6244-46 S King Drive,6244-56 S. King Drive,60637,WASHINGTON PARK,Multifamily Housing,"55,000",1923.0,1,65.0,"1,089,083","5,441,732",,,,118.7,166.1,128.1,175.9,490.4,8.9,41.78046327,-87.60530809999999,"(41.78046327, -87.6053081)"
6112,2017,114638,56th & Kimbark Condo Association,5543-59 S KIMBARK AVE,60637,HYDE PARK,Multifamily Housing,"61,800",1928.0,1,53.0,"465,158","4,891,432",,,,86.7,106.7,95.3,115.8,345.8,5.6,41.78046327,-87.60530809999999,"(41.78046327, -87.6053081)"
6178,2017,133059,Plaisance Apartments,6104 S. Woodlawn Ave,60637,WOODLAWN,Multifamily Housing,"57,000",1920.0,1,64.0,"1,045,509","4,789,983",,,,102.4,145.8,109.9,153.4,447.7,7.9,41.78046327,-87.60530809999999,"(41.78046327, -87.6053081)"
6182,2017,173915,The Flamingo,5500 S. Shore Drive,60637,HYDE PARK,Multifamily Housing,"165,000",1920.0,1,82.0,"1,654,291","11,526,905",,,,79.9,104.8,85.3,110.5,918.1,5.6,41.78046327,-87.60530809999999,"(41.78046327, -87.6053081)"
6184,2017,260086,Museum Walk Apartments,5541 S. Everett,60637,HYDE PARK,Multifamily Housing,"77,000",1927.0,1,87.0,"1,116,853","6,094,132",,,,93.6,128.6,100,135.3,530.2,6.9,41.78046327,-87.60530809999999,"(41.78046327, -87.6053081)"
6210,2017,236366,1700 East 56th Street,1700 E 56th St,60637,HYDE PARK,Multifamily Housing,"474,807",1969.0,1,65.0,"8,174,047","29,856,105",,,,80.1,120.1,86.6,127.5,"3,097.1",6.5,41.79375332,-87.5832183,"(41.79375332, -87.5832183)"
6236,2017,128724,5540,5540 S Hyde Park Blvd,60637,HYDE PARK,Multifamily Housing,"51,000",1928.0,1,77.0,"1,403,942","6,431,018",,,,153.6,218.8,164.9,230.7,601.2,11.8,41.78046327,-87.60530809999999,"(41.78046327, -87.6053081)"
6409,2017,260029,Blackstone Court LLC,5724-5734 S. Blackstone Ave.,60637,HYDE PARK,Multifamily Housing,"52,272",1926.0,1,23.0,"1,255,000","3,322,188",,,,87.6,142.1,93.2,148,408.5,7.8,41.78046327,-87.60530809999999,"(41.78046327, -87.6053081)"
6518,2017,160427,Vista Homes Building Corporation,5830-44 S. Stony Island Ave.,60637,HYDE PARK,Multifamily Housing,"261,354",1929.0,1,96.0,"2,423,254","11,856,353",,,,54.6,76.7,59.5,82.3,"1,077.8",4.1,41.78848818,-87.58709504,"(41.78848818, -87.58709504)"
6819,2017,102460,Museum of Science and Industry,5700 South Lake Shore Drive,60637,HYDE PARK,Museum,"1,211,750",1893.0,1,,"39,739,453","26,129,680",,,,54.4,125.5,57.8,129.4,"8,722.6",7.2,41.79055467,-87.58295123,"(41.79055467, -87.58295123)"
6930,2017,250124,Albert Merritt Billings,950 East 59th St.,60637,HYDE PARK,Office,"488,322",1927.0,1,88.0,"18,541,951",,"11,545,980",,,61.6,147.7,63.8,150.3,"4,194.9",8.6,41.787764,-87.602285,"(41.787764, -87.602285)"
7081,2017,252059,Ida Noyes Hall,1212 East 59th Street,60637,HYDE PARK,Other - Entertainment/Public Assembly,"91,970",1916.0,1,,"2,848,361",,"3,543,947",,,69.5,143.6,72.8,147.4,762,8.3,41.78819249,-87.59559185,"(41.78819249, -87.59559185)"
7201,2017,131906,Parkshore Estates Nursing & Rehabilitatinon Center,6125 S Kenwood Ave,60637,WOODLAWN,Senior Care Community,"128,112",1975.0,1,26.0,"3,332,504","11,962,100",,,,119.4,170.9,127.4,179,"1,189.8",9.3,41.78046327,-87.60530809999999,"(41.78046327, -87.6053081)"
7202,2017,252045,Harper Library / Classics,"1116 East 59th Street  Chicago, IL 60637",60637,HYDE PARK,Social/Meeting Hall,"192,035",1912.0,2,,"4,465,438",,"8,777,094","1,634,160",,77.5,136.5,80,139.6,"1,494.5",7.8,41.78800431,-87.59964828,"(41.78800431, -87.59964828)"
